"Customer ID","Customer Name","Recent Order","Number of orders placed by customer",Monetary,Segment
SM-20320,"Sean Miller",2017-10-12,15,25043.05,"High Value Customer"
TC-20980,"Tamara Chand",2016-11-26,11,19017.848,"High Value Customer"
RB-19360,"Raymond Buch",2017-09-25,18,15117.339,"High Value Customer"
TA-21385,"Tom Ashbrook",2017-10-22,10,14595.62,"High Value Customer"
AB-10105,"Adrian Barton",2017-11-19,19,14355.611,"High Value Customer"
SC-20095,"Sanjit Chand",2017-01-15,22,14142.334,"High Value Customer"
KL-16645,"Ken Lonsdale",2017-11-13,27,14071.917,"High Value Customer"
HL-15040,"Hunter Lopez",2017-11-17,11,12873.298,"High Value Customer"
SE-20110,"Sanjit Engle",2017-12-21,19,12209.438,"High Value Customer"
CC-12370,"Christopher Conant",2017-11-17,11,12129.072,"High Value Customer"
TS-21370,"Todd Sumrall",2017-11-24,14,11885.871,"High Value Customer"
GT-14710,"Greg Tran",2017-11-24,29,11820.12,"High Value Customer"
BM-11140,"Becky Martin",2017-02-26,14,11609.9,"High Value Customer"
SV-20365,"Seth Vernon",2017-09-20,30,11420.646,"High Value Customer"
CJ-12010,"Caroline Jumper",2017-06-24,19,11079.742,"High Value Customer"
CL-12565,"Clay Ludtke",2017-03-21,28,10880.546,"High Value Customer"
ME-17320,"Maria Etezadi",2017-11-18,21,10635.918,"High Value Customer"
KF-16285,"Karen Ferguson",2017-09-24,18,10604.266,"High Value Customer"
BS-11365,"Bill Shonely",2016-06-20,9,10501.653,"High Value Customer"
EH-13765,"Edward Hooks",2017-08-17,31,10005.98,"High Value Customer"
JL-15835,"John Lee",2017-12-09,33,9403.003,"High Value Customer"
GT-14635,"Grant Thornton",2017-11-04,6,9351.212,"High Value Customer"
HW-14935,"Helen Wasserman",2017-09-04,20,9300.254,"High Value Customer"
TB-21400,"Tom Boeckenhauer",2017-06-11,15,9012.742,"High Value Customer"
PF-19120,"Peter Fuller",2015-09-17,18,8980.496,"High Value Customer"
CM-12385,"Christopher Martinez",2017-11-23,10,8954.02,"High Value Customer"
JD-16150,"Justin Deggeller",2017-11-19,17,8828.0305,"High Value Customer"
JE-15715,"Joe Elijah",2017-11-14,21,8672.163,"High Value Customer"
LA-16780,"Laura Armstrong",2017-07-29,25,8631.522,"High Value Customer"
DR-12940,"Daniel Raglin",2017-11-10,13,8350.868,"High Value Customer"
NF-18385,"Natalie Fritzler",2017-10-12,14,8322.826,"High Value Customer"
KD-16270,"Karen Daniels",2016-09-02,16,8282.358,"High Value Customer"
NC-18535,"Nick Crebassa",2017-12-24,15,8241.739,"High Value Customer"
KD-16495,"Keith Dawkins",2017-09-09,28,8181.256,"High Value Customer"
PK-19075,"Pete Kriz",2017-12-21,23,8158.654,"High Value Customer"
HM-14860,"Harry Marie",2017-12-28,19,8148.8448,"High Value Customer"
SB-20290,"Sean Braxton",2017-11-13,17,8057.891,"High Value Customer"
ZC-21910,"Zuschuss Carroll",2017-11-06,30,8021.135,"High Value Customer"
JH-15985,"Joseph Holt",2017-12-01,14,7954.998,"High Value Customer"
NP-18700,"Nora Preis",2017-08-14,13,7903.1825,"High Value Customer"
AH-10690,"Anna Häberlin",2016-11-15,23,7888.294,"High Value Customer"
JE-15610,"Jim Epp",2017-11-12,20,7754.976,"High Value Customer"
AB-10060,"Adam Bellavance",2017-11-06,16,7732.67,"High Value Customer"
JW-15220,"Jane Waco",2017-11-18,14,7721.714,"High Value Customer"
JM-15865,"John Murray",2017-09-12,13,7625.076,"High Value Customer"
RW-19540,"Rick Wilson",2017-09-01,23,7397.401,"High Value Customer"
LC-16885,"Lena Creighton",2017-12-14,22,7396.774,"High Value Customer"
PO-18850,"Patrick O'Brill",2017-10-24,19,7367.3342,"High Value Customer"
BM-11650,"Brian Moss",2017-11-27,28,7283.817,"High Value Customer"
NW-18400,"Natalie Webber",2017-07-11,22,7234.014,"High Value Customer"
Dp-13240,"Dean percer",2017-10-07,29,7198.761,"High Value Customer"
PP-18955,"Paul Prost",2017-09-24,32,7075.92,"High Value Customer"
RH-19510,"Rick Huthwaite",2016-09-19,11,6962.14,"High Value Customer"
MS-17365,"Maribeth Schnelling",2017-04-01,23,6848.31,"High Value Customer"
PS-19045,"Penelope Sewall",2017-05-08,13,6843.634,"High Value Customer"
BB-11545,"Brenda Bowman",2017-12-02,20,6765.728,"High Value Customer"
FH-14365,"Fred Hopkins",2017-12-25,10,6683.66,"High Value Customer"
YS-21880,"Yana Sorensen",2017-12-21,11,6654.504,"High Value Customer"
AR-10540,"Andy Reiter",2017-12-24,9,6608.448,"High Value Customer"
GK-14620,"Grace Kelly",2017-09-09,14,6497.27,"High Value Customer"
JA-15970,"Joseph Airdo",2017-09-29,23,6475.474,"High Value Customer"
NM-18445,"Nathan Mautz",2017-07-23,14,6459.344,"High Value Customer"
JD-15895,"Jonathan Doherty",2016-12-01,30,6456.456,"High Value Customer"
SB-20185,"Sarah Brown",2017-06-25,12,6410.996,"High Value Customer"
JE-15745,"Joel Eaton",2017-11-09,21,6400.455,"High Value Customer"
JG-15160,"James Galang",2017-12-29,18,6366.392,"High Value Customer"
CM-12655,"Corinna Mitchell",2017-12-03,10,6339.5576,"High Value Customer"
VD-21670,"Valerie Dominguez",2016-05-28,15,6283.354,"High Value Customer"
MJ-17740,"Max Jones",2017-12-08,14,6282.226,"High Value Customer"
BH-11710,"Brosina Hoffman",2017-12-07,24,6255.351,"High Value Customer"
DM-13015,"Darrin Martin",2017-10-23,18,6247.372,"High Value Customer"
DR-12880,"Dan Reichenbach",2017-12-27,22,6247.206,"High Value Customer"
RL-19615,"Rob Lucas",2017-08-31,24,6234.91,"High Value Customer"
VW-21775,"Victoria Wilson",2017-12-02,17,6112.702,"High Value Customer"
QJ-19255,"Quincy Jones",2017-12-05,13,6108.338,"High Value Customer"
AD-10180,"Alan Dominguez",2017-12-01,11,6101,"High Value Customer"
GM-14695,"Greg Maxwell",2017-09-04,11,6049.966,"High Value Customer"
CB-12025,"Cassandra Brandow",2017-11-13,24,6028.227,"High Value Customer"
WB-21850,"William Brown",2017-12-10,34,6024.81,"High Value Customer"
RM-19675,"Robert Marley",2017-12-24,10,5967.736,"High Value Customer"
KH-16510,"Keith Herrera",2017-12-08,23,5952.859,"High Value Customer"
SD-20485,"Shirley Daniels",2017-06-13,18,5920.258,"High Value Customer"
BF-11170,"Ben Ferrer",2017-12-14,27,5907.972,"High Value Customer"
SC-20380,"Shahid Collister",2017-11-30,19,5894.184,"High Value Customer"
CP-12340,"Christine Phan",2017-07-23,15,5888.275,"High Value Customer"
KH-16690,"Kristen Hastings",2017-12-28,14,5867.859,"High Value Customer"
CS-12505,"Cindy Stewart",2017-11-02,9,5690.055,"High Value Customer"
BD-11320,"Bill Donatelli",2017-11-27,18,5672.171,"High Value Customer"
AM-10705,"Anne McFarland",2017-07-21,21,5653.862,"High Value Customer"
RB-19795,"Ross Baird",2017-11-28,18,5633.316,"High Value Customer"
KM-16375,"Katherine Murray",2017-11-04,19,5609.746,"High Value Customer"
AA-10315,"Alex Avila",2017-06-29,11,5563.56,"High Value Customer"
SM-20950,"Suzanne McNair",2017-12-05,22,5563.392,"High Value Customer"
NP-18325,"Naresj Patel",2017-12-05,21,5529.62,"High Value Customer"
AC-10450,"Amy Cox",2017-12-19,9,5527.846,"High Value Customer"
MH-18115,"Mick Hernandez",2017-12-25,22,5503.093,"High Value Customer"
DP-13390,"Dennis Pardue",2017-01-06,14,5480.724,"High Value Customer"
EP-13915,"Emily Phan",2017-12-18,31,5478.0608,"High Value Customer"
YC-21895,"Yoseph Carroll",2017-12-26,8,5454.35,"High Value Customer"
SP-20620,"Stefania Perrino",2017-11-13,24,5440.319,"High Value Customer"
LW-17215,"Luke Weiss",2017-12-09,15,5420.514,"High Value Customer"
TS-21205,"Thomas Seio",2017-06-15,19,5371.09,"High Value Customer"
TT-21460,"Tonja Turnell",2017-12-18,14,5364.808,"High Value Customer"
MW-18220,"Mitch Webber",2017-12-13,14,5341.9,"High Value Customer"
TP-21415,"Tom Prescott",2017-09-17,10,5329.0048,"High Value Customer"
DW-13480,"Dianna Wilson",2017-05-27,10,5256.848,"High Value Customer"
MW-18235,"Mitch Willingham",2017-11-16,3,5253.876,"High Value Customer"
HR-14830,"Harold Ryan",2017-07-24,14,5248.787,"High Value Customer"
SC-20725,"Steven Cartwright",2017-06-26,26,5226.21,"High Value Customer"
TW-21025,"Tamara Willingham",2017-10-27,11,5164.626,"High Value Customer"
CP-12085,"Cathy Prescott",2017-10-09,13,5164.102,"High Value Customer"
LR-16915,"Lena Radford",2017-12-04,16,5142.892,"High Value Customer"
RP-19390,"Resi Pölking",2017-11-27,24,5142.14,"High Value Customer"
MP-18175,"Mike Pelletier",2017-12-14,19,5087.92,"High Value Customer"
IL-15100,"Ivan Liston",2017-08-10,14,5040.736,"High Value Customer"
LB-16795,"Laurel Beltran",2017-07-31,24,4985.676,"Average Customer"
DH-13075,"Dave Hallsten",2017-03-28,23,4932.872,"Average Customer"
IM-15070,"Irene Maddox",2016-12-05,21,4930.474,"Average Customer"
TT-21070,"Ted Trevino",2017-11-29,14,4915.602,"Average Customer"
KM-16720,"Kunst Miller",2017-12-02,28,4909.472,"Average Customer"
PO-19180,"Philisse Overcash",2017-07-23,18,4893.043,"Average Customer"
HK-14890,"Heather Kirkland",2017-08-01,15,4877.784,"Average Customer"
AJ-10780,"Anthony Jacobs",2017-10-16,15,4867.344,"Average Customer"
AH-10210,"Alan Hwang",2017-12-24,13,4805.344,"Average Customer"
RA-19915,"Russell Applegate",2017-12-18,21,4781.367,"Average Customer"
JK-15730,"Joe Kamberova",2017-10-07,19,4769.9,"Average Customer"
JK-15640,"Jim Kriz",2017-07-03,11,4752.442,"Average Customer"
BW-11110,"Bart Watters",2017-08-31,17,4750.358,"Average Customer"
TB-21520,"Tracy Blumstein",2017-09-14,19,4730.628,"Average Customer"
SA-20830,"Sue Ann Reed",2017-10-28,19,4708.5255,"Average Customer"
ES-14080,"Erin Smith",2017-12-02,19,4648.516,"Average Customer"
KT-16480,"Kean Thornton",2017-09-21,13,4642.0884,"Average Customer"
SC-20050,"Sample Company A",2017-11-20,15,4624.572,"Average Customer"
DB-13270,"Deborah Brumfield",2017-11-07,12,4621.657,"Average Customer"
GB-14575,"Giulietta Baptist",2017-12-17,15,4594.328,"Average Customer"
RB-19465,"Rick Bensley",2017-12-21,22,4556.566,"Average Customer"
AR-10825,"Anthony Rawles",2017-11-02,13,4523.336,"Average Customer"
AG-10900,"Arthur Gainer",2017-09-25,21,4510.797,"Average Customer"
SC-20770,"Stewart Carmichael",2017-11-19,21,4492.657,"Average Customer"
KL-16555,"Kelly Lampkin",2017-12-14,21,4483.784,"Average Customer"
LC-16930,"Linda Cazamias",2017-11-19,13,4481.162,"Average Customer"
AA-10645,"Anna Andreadi",2017-11-05,15,4455.895,"Average Customer"
TP-21130,"Theone Pippenger",2017-12-22,16,4454.056,"Average Customer"
EM-14140,"Eugene Moren",2017-11-12,18,4438.332,"Average Customer"
MC-17425,"Mark Cousins",2016-11-26,10,4432.138,"Average Customer"
KW-16435,"Katrina Willman",2017-09-25,10,4416.52,"Average Customer"
BD-11500,"Bradley Drucker",2017-11-25,9,4408.297,"Average Customer"
AJ-10795,"Anthony Johnson",2017-07-17,20,4391.491,"Average Customer"
AI-10855,"Arianne Irving",2017-12-17,18,4375.786,"Average Customer"
SC-20230,"Scot Coram",2017-08-03,11,4371.958,"Average Customer"
GZ-14470,"Gary Zandusky",2017-12-23,14,4355.15,"Average Customer"
SR-20740,"Steven Roelle",2017-06-17,12,4345.886,"Average Customer"
EB-13840,"Ellis Ballard",2017-10-01,7,4344.508,"Average Customer"
ND-18370,"Natalie DeCherney",2017-12-03,17,4281.389,"Average Customer"
MA-17560,"Matt Abelman",2017-10-27,33,4280.621,"Average Customer"
JK-15205,"Jamie Kunitz",2017-10-30,11,4278.17,"Average Customer"
DB-13060,"Dave Brooks",2017-12-14,12,4265.294,"Average Customer"
TC-21295,"Toby Carlisle",2017-12-03,15,4261.852,"Average Customer"
AS-10225,"Alan Schoenberger",2017-12-08,12,4249,"Average Customer"
TH-21550,"Tracy Hopkins",2017-10-19,12,4229.556,"Average Customer"
BE-11335,"Bill Eplett",2017-09-02,9,4204.676,"Average Customer"
JF-15565,"Jill Fjeld",2017-11-06,16,4198.332,"Average Customer"
FH-14275,"Frank Hawley",2017-11-23,20,4190.704,"Average Customer"
MY-18295,"Muhammed Yedwab",2017-10-20,19,4134.396,"Average Customer"
DK-13225,"Dean Katz",2017-12-20,18,4125.844,"Average Customer"
CB-12535,"Claudia Bergmann",2017-06-16,18,4123.5155,"Average Customer"
PM-19135,"Peter McVee",2017-11-09,7,4115.662,"Average Customer"
SV-20785,"Stewart Visinsky",2017-02-13,25,4105.305,"Average Customer"
DM-13345,"Denise Monton",2017-12-08,13,4074.472,"Average Customer"
FP-14320,"Frank Preis",2017-12-07,14,4046.746,"Average Customer"
SP-20860,"Sung Pak",2017-10-12,23,4028.588,"Average Customer"
SP-20920,"Susan Pistek",2017-10-21,14,3990.689,"Average Customer"
CM-12715,"Craig Molinari",2015-03-01,13,3984.4524,"Average Customer"
MP-17965,"Michael Paige",2017-10-19,20,3983.642,"Average Customer"
SC-20305,"Sean Christensen",2017-12-01,11,3971.064,"Average Customer"
DK-12895,"Dana Kaydos",2017-11-15,14,3943.04,"Average Customer"
LF-17185,"Luke Foster",2017-12-08,16,3930.509,"Average Customer"
GH-14425,"Gary Hwang",2017-11-10,9,3925.742,"Average Customer"
GA-14515,"George Ashbrook",2017-08-03,14,3919.776,"Average Customer"
KH-16630,"Ken Heidel",2017-11-02,17,3918.966,"Average Customer"
DB-13555,"Dorothy Badders",2017-09-14,14,3908.8028,"Average Customer"
KC-16540,"Kelly Collister",2017-09-24,5,3908.262,"Average Customer"
CC-12220,"Chris Cortes",2017-12-10,21,3902.522,"Average Customer"
NP-18670,"Nora Paige",2017-11-02,9,3896.642,"Average Customer"
PW-19240,"Pierre Wener",2016-09-22,11,3878.315,"Average Customer"
JS-15880,"John Stevenson",2016-07-14,9,3868.02,"Average Customer"
FC-14335,"Fred Chung",2017-06-29,9,3865.846,"Average Customer"
RA-19885,"Ruben Ausman",2017-11-17,15,3832.314,"Average Customer"
RS-19765,"Roland Schwarz",2017-11-24,13,3831.93,"Average Customer"
AT-10735,"Annie Thurman",2017-12-17,16,3831.864,"Average Customer"
OT-18730,"Olvera Toch",2017-10-26,10,3818.624,"Average Customer"
RO-19780,"Rose O'Brian",2017-11-25,12,3815.478,"Average Customer"
MC-17845,"Michael Chen",2017-12-29,14,3805.714,"Average Customer"
MM-17920,"Michael Moore",2017-12-23,16,3794.08,"Average Customer"
CA-11965,"Carol Adams",2017-09-25,10,3789.7228,"Average Customer"
MG-17650,"Matthew Grinstein",2017-12-01,14,3785.276,"Average Customer"
SJ-20125,"Sanjit Jacobs",2017-09-26,22,3777.88,"Average Customer"
MD-17350,"Maribeth Dona",2017-09-04,17,3766.382,"Average Customer"
JK-15625,"Jim Karlsson",2017-10-30,12,3760.028,"Average Customer"
JK-16090,"Juliana Krohn",2017-12-02,9,3747.668,"Average Customer"
RD-19480,"Rick Duston",2017-10-19,14,3743.03,"Average Customer"
FM-14290,"Frank Merwin",2017-11-24,20,3736.198,"Average Customer"
SC-20260,"Scott Cohen",2017-06-26,18,3729.793,"Average Customer"
HG-15025,"Hunter Glantz",2017-12-24,11,3690.284,"Average Customer"
LP-17095,"Liz Preis",2017-12-21,15,3653.399,"Average Customer"
CS-12400,"Christopher Schild",2017-12-28,14,3651.8585,"Average Customer"
RH-19495,"Rick Hansen",2017-11-28,8,3621.376,"Average Customer"
BP-11185,"Ben Peterman",2017-12-29,17,3610.293,"Average Customer"
SZ-20035,"Sam Zeldin",2017-11-25,19,3592.433,"Average Customer"
GM-14440,"Gary McGarr",2017-10-08,11,3582.82,"Average Customer"
TB-21175,"Thomas Boland",2017-11-02,10,3579.024,"Average Customer"
JP-15520,"Jeremy Pistek",2017-12-22,15,3572.944,"Average Customer"
DL-13495,"Dionis Lloyd",2017-10-15,12,3539.322,"Average Customer"
ES-14020,"Erica Smith",2017-11-20,8,3510.458,"Average Customer"
RW-19690,"Robert Waldorf",2017-10-12,15,3495.646,"Average Customer"
AG-10675,"Anna Gayman",2017-09-24,15,3489.0396,"Average Customer"
ED-13885,"Emily Ducich",2017-08-17,14,3484.92,"Average Customer"
PW-19030,"Pauline Webber",2017-11-14,13,3454.916,"Average Customer"
EB-13705,"Ed Braxton",2017-11-12,11,3448.274,"Average Customer"
SF-20200,"Sarah Foster",2017-11-01,15,3422.786,"Average Customer"
FC-14245,"Frank Carlisle",2017-10-21,13,3414.678,"Average Customer"
SG-20080,"Sandra Glassco",2017-12-22,11,3406.581,"Average Customer"
BS-11380,"Bill Stewart",2017-12-02,12,3379.13,"Average Customer"
TS-21655,"Trudy Schmidt",2017-05-06,14,3368.094,"Average Customer"
SC-20020,"Sam Craven",2015-11-10,17,3362.9636,"Average Customer"
DJ-13630,"Doug Jacobs",2017-12-18,8,3356.398,"Average Customer"
DC-12850,"Dan Campbell",2017-11-23,18,3336.168,"Average Customer"
AP-10915,"Arthur Prichep",2017-09-23,31,3323.556,"Average Customer"
DK-13375,"Dennis Kane",2017-12-11,23,3318.486,"Average Customer"
KH-16330,"Katharine Harms",2017-11-20,18,3312.864,"Average Customer"
RF-19345,"Randy Ferguson",2016-12-05,16,3309.15,"Average Customer"
SF-20965,"Sylvia Foulston",2017-11-12,16,3306.871,"Average Customer"
RR-19525,"Rick Reed",2017-07-13,10,3302.262,"Average Customer"
BD-11605,"Brian Dahlen",2017-09-24,20,3288.471,"Average Customer"
BS-11665,"Brian Stugart",2016-05-27,11,3288.11,"Average Customer"
DV-13465,"Dianna Vittorini",2017-12-01,14,3285.987,"Average Customer"
RW-19630,"Rob Williams",2017-10-02,15,3273.65,"Average Customer"
DL-12925,"Daniel Lacy",2017-11-03,14,3272.2,"Average Customer"
AS-10090,"Adam Shillingsburg",2017-12-02,25,3255.31,"Average Customer"
JO-15145,"Jack O'Briant",2017-11-03,13,3254.949,"Average Customer"
DK-12835,"Damala Kotsonis",2017-12-09,26,3253.534,"Average Customer"
AH-10075,"Adam Hart",2017-11-26,20,3250.337,"Average Customer"
LC-16960,"Lindsay Castell",2016-10-20,7,3246.626,"Average Customer"
CT-11995,"Carol Triggs",2017-09-25,18,3241.898,"Average Customer"
SR-20425,"Sharelle Roach",2017-12-22,9,3233.481,"Average Customer"
LW-16990,"Lindsay Williams",2017-11-27,11,3230.308,"Average Customer"
RS-19420,"Ricardo Sperren",2017-10-15,9,3221.29,"Average Customer"
AS-10285,"Alejandro Savely",2017-12-11,7,3212.272,"Average Customer"
MP-17470,"Mark Packer",2016-01-11,14,3206.132,"Average Customer"
CS-12355,"Christine Sundaresam",2017-12-24,22,3202.162,"Average Customer"
BT-11680,"Brian Thompson",2017-12-10,20,3196.752,"Average Customer"
DG-13300,"Deirdre Greer",2017-11-28,8,3195.818,"Average Customer"
VP-21760,"Victoria Pisteka",2017-10-16,13,3193.606,"Average Customer"
HG-14965,"Henry Goldwyn",2017-12-07,15,3184.174,"Average Customer"
EB-13750,"Edward Becker",2017-11-25,18,3166.882,"Average Customer"
GM-14680,"Greg Matthias",2017-07-31,11,3163.628,"Average Customer"
CK-12205,"Chloris Kastensmidt",2017-11-21,32,3154.855,"Average Customer"
KB-16240,"Karen Bern",2017-12-26,10,3152.615,"Average Customer"
JM-15250,"Janet Martin",2017-11-23,18,3145.374,"Average Customer"
JL-15505,"Jeremy Lonsdale",2017-11-11,16,3142.746,"Average Customer"
MS-17770,"Maxwell Schwartz",2017-08-31,18,3138.582,"Average Customer"
RD-19900,"Ruben Dartt",2017-09-07,21,3133.924,"Average Customer"
TN-21040,"Tanja Norvell",2017-10-01,12,3130.221,"Average Customer"
SN-20710,"Steve Nguyen",2017-10-12,19,3127.9592,"Average Customer"
SG-20605,"Speros Goranitis",2017-09-13,12,3116.976,"Average Customer"
KH-16360,"Katherine Hughes",2017-12-29,14,3100.612,"Average Customer"
PG-18820,"Patrick Gardner",2017-11-24,26,3086.907,"Average Customer"
GM-14455,"Gary Mitchum",2017-12-14,12,3078.624,"Average Customer"
EB-14110,"Eugene Barchas",2017-09-08,11,3071.126,"Average Customer"
TG-21310,"Toby Gnade",2017-01-27,9,3058.372,"Average Customer"
KT-16465,"Kean Takahito",2016-12-04,14,3057.1,"Average Customer"
SS-20410,"Shahid Shariari",2017-09-11,12,3056.807,"Average Customer"
SL-20155,"Sara Luxemburg",2017-10-21,9,3053.012,"Average Customer"
CA-12775,"Cynthia Arntzen",2017-09-01,17,3041.566,"Average Customer"
AS-10045,"Aaron Smayling",2017-10-03,9,3035.032,"Average Customer"
CS-11950,"Carlos Soltero",2017-12-05,21,3027.755,"Average Customer"
EH-14125,"Eugene Hildebrand",2017-07-31,17,3013.153,"Average Customer"
LS-16975,"Lindsay Shagiari",2017-12-10,22,2988.674,"Average Customer"
MH-18025,"Michelle Huthwaite",2017-11-11,10,2984.948,"Average Customer"
FA-14230,"Frank Atkinson",2017-09-24,17,2984.054,"Average Customer"
NS-18640,"Noel Staavos",2017-07-09,26,2964.823,"Average Customer"
TM-21010,"Tamara Manning",2017-09-18,18,2953.986,"Average Customer"
TH-21115,"Thea Hudgings",2017-11-02,9,2942.772,"Average Customer"
CK-12325,"Christine Kargatis",2017-09-01,11,2939.606,"Average Customer"
LT-17110,"Liz Thompson",2017-11-26,14,2936.252,"Average Customer"
BC-11125,"Becky Castell",2017-06-11,18,2933.676,"Average Customer"
JK-16120,"Julie Kriz",2017-09-04,17,2932.484,"Average Customer"
DB-13120,"David Bremer",2017-11-12,13,2931.718,"Average Customer"
SW-20455,"Shaun Weien",2017-07-21,9,2921.544,"Average Customer"
ML-17410,"Maris LaWare",2017-11-06,15,2921.5,"Average Customer"
RD-19585,"Rob Dowd",2017-07-03,19,2912.894,"Average Customer"
CY-12745,"Craig Yedwab",2017-10-31,11,2900.026,"Average Customer"
ND-18460,"Neil Ducich",2017-06-30,8,2893.455,"Average Customer"
MG-18145,"Mike Gockenbach",2017-10-07,6,2890.591,"Average Customer"
MT-17815,"Meg Tillman",2017-11-11,10,2890.139,"Average Customer"
DS-13180,"David Smith",2017-12-07,20,2881.8128,"Average Customer"
PV-18985,"Paul Van Hugh",2017-10-02,13,2876.046,"Average Customer"
CC-12430,"Chuck Clark",2017-12-30,19,2870.05,"Average Customer"
BF-11020,"Barry Französisch",2017-10-17,20,2865.786,"Average Customer"
CC-12685,"Craig Carroll",2015-10-23,12,2854.115,"Average Customer"
AW-10930,"Arthur Wiediger",2017-11-14,15,2851.444,"Average Customer"
IM-15055,"Ionia McGrath",2016-11-16,3,2848.36,"Average Customer"
LS-16945,"Linda Southworth",2017-07-05,14,2845.27,"Average Customer"
DB-12970,"Darren Budd",2017-05-03,14,2839.2272,"Average Customer"
JM-16195,"Justin MacKendrick",2017-11-03,19,2833.926,"Average Customer"
CV-12295,"Christina VanderZanden",2017-04-20,13,2830.628,"Average Customer"
GH-14410,"Gary Hansen",2017-10-16,16,2807.707,"Average Customer"
TS-21610,"Troy Staebel",2017-11-05,10,2801.884,"Average Customer"
BG-11035,"Barry Gonzalez",2017-12-02,12,2798.948,"Average Customer"
TB-21625,"Trudy Brown",2017-11-30,15,2797.668,"Average Customer"
RD-19660,"Robert Dilbeck",2017-09-07,5,2786.632,"Average Customer"
SH-19975,"Sally Hughsby",2017-12-01,27,2774.2395,"Average Customer"
JC-15775,"John Castell",2017-07-25,16,2772.055,"Average Customer"
PF-19165,"Philip Fox",2017-06-17,10,2770,"Average Customer"
EB-13870,"Emily Burns",2017-09-21,11,2767.219,"Average Customer"
MM-18055,"Michelle Moray",2017-10-30,19,2749.881,"Average Customer"
KB-16585,"Ken Black",2017-05-14,22,2742.758,"Average Customer"
LL-16840,"Lauren Leatherbury",2017-04-25,12,2741.204,"Average Customer"
JL-15850,"John Lucas",2016-04-25,11,2725.256,"Average Customer"
MC-17275,"Marc Crier",2017-10-15,12,2723.036,"Average Customer"
ML-17395,"Marina Lichtenstein",2017-10-22,20,2722.843,"Average Customer"
JK-15370,"Jay Kimmel",2017-11-16,17,2709.632,"Average Customer"
JE-16165,"Justin Ellison",2017-12-10,7,2697.248,"Average Customer"
CS-12250,"Chris Selesnick",2017-11-23,26,2696.796,"Average Customer"
BT-11530,"Bradley Talbott",2017-09-30,10,2684.492,"Average Customer"
NH-18610,"Nicole Hansen",2017-06-24,11,2673.29,"Average Customer"
RB-19435,"Richard Bierner",2017-12-11,16,2663.086,"Average Customer"
EA-14035,"Erin Ashbrook",2017-07-31,24,2660.825,"Average Customer"
EJ-14155,"Eva Jacobs",2017-11-03,8,2656.691,"Average Customer"
DK-13090,"Dave Kipp",2017-11-18,13,2650.557,"Average Customer"
CA-12265,"Christina Anderson",2017-11-04,17,2648.2872,"Average Customer"
FO-14305,"Frank Olsen",2017-11-22,14,2622.838,"Average Customer"
KN-16390,"Katherine Nockton",2017-12-11,17,2617.272,"Average Customer"
RA-19285,"Ralph Arnett",2017-12-25,16,2606.082,"Average Customer"
LC-17140,"Logan Currie",2017-12-17,17,2605.112,"Average Customer"
SO-20335,"Sean O'Donnell",2017-12-01,15,2602.5755,"Average Customer"
SU-20665,"Stephanie Ulpright",2017-12-10,18,2595.364,"Average Customer"
BO-11350,"Bill Overfelt",2017-08-15,10,2586.08,"Average Customer"
HA-14920,"Helen Andreada",2017-12-10,18,2584.158,"Average Customer"
SC-20695,"Steve Chapman",2017-10-02,14,2576.408,"Average Customer"
NS-18505,"Neola Schneider",2017-12-24,15,2575.863,"Average Customer"
BT-11305,"Beth Thompson",2017-01-28,9,2567.656,"Average Customer"
EM-13810,"Eleni McCrary",2017-08-20,7,2567.01,"Average Customer"
AG-10270,"Alejandro Grove",2017-03-27,13,2565.258,"Average Customer"
MZ-17515,"Mary Zewe",2017-03-23,10,2564.906,"Average Customer"
CC-12610,"Corey Catlett",2017-11-26,12,2540.631,"Average Customer"
CM-12160,"Charles McCrossin",2017-12-04,7,2533.314,"Average Customer"
HF-14995,"Herbert Flentye",2017-12-09,19,2533.164,"Average Customer"
LC-16870,"Lena Cacioppo",2017-12-03,28,2526.182,"Average Customer"
FM-14380,"Fred McMath",2017-08-07,14,2523.266,"Average Customer"
JS-16030,"Joy Smith",2017-12-02,18,2516.494,"Average Customer"
DJ-13510,"Don Jones",2017-11-12,13,2501.688,"Average Customer"
AC-10615,"Ann Chong",2017-09-02,17,2499.756,"Average Customer"
PO-18865,"Patrick O'Donnell",2017-12-30,13,2493.214,"Average Customer"
BS-11755,"Bruce Stewart",2017-12-29,12,2492.35,"Average Customer"
NZ-18565,"Nick Zandusky",2017-10-06,20,2488.31,"Average Customer"
CC-12145,"Charles Crestani",2017-09-15,11,2471.65,"Average Customer"
MN-17935,"Michael Nguyen",2017-11-26,9,2469.042,"Average Customer"
NC-18340,"Nat Carroll",2017-05-20,17,2461.404,"Average Customer"
MH-17455,"Mark Hamilton",2017-10-06,11,2456.182,"Average Customer"
BS-11590,"Brendan Sweed",2017-11-25,10,2454.928,"Average Customer"
VM-21685,"Valerie Mitchum",2017-11-06,12,2454.866,"Average Customer"
GZ-14545,"George Zrebassa",2017-07-26,5,2454.622,"Average Customer"
MA-17995,"Michelle Arnett",2017-06-27,12,2453.284,"Average Customer"
TH-21100,"Thea Hendricks",2017-01-20,7,2422.824,"Average Customer"
AH-10465,"Amy Hunt",2017-05-14,7,2406.4316,"Average Customer"
BP-11095,"Bart Pistole",2017-12-13,18,2399.54,"Average Customer"
DF-13135,"David Flashing",2016-01-30,6,2390.534,"Average Customer"
BP-11290,"Beth Paige",2017-12-18,15,2383.797,"Average Customer"
MH-17290,"Marc Harrigan",2017-09-02,12,2381.731,"Average Customer"
FM-14215,"Filia McAdams",2017-12-23,14,2374.27,"Average Customer"
CK-12595,"Clytie Kelty",2017-11-17,25,2372.75,"Average Customer"
JF-15415,"Jennifer Ferguson",2017-12-28,14,2371.448,"Average Customer"
CV-12805,"Cynthia Voltz",2017-12-25,19,2370.3136,"Average Customer"
MC-17590,"Matt Collister",2017-11-09,16,2362.507,"Average Customer"
JG-15115,"Jack Garza",2015-12-03,7,2358.676,"Average Customer"
CL-12700,"Craig Leslie",2017-09-16,8,2353.586,"Average Customer"
MG-17680,"Maureen Gastineau",2017-09-29,10,2350.188,"Average Customer"
RF-19735,"Roland Fjeld",2017-10-02,14,2341.296,"Average Customer"
AG-10495,"Andrew Gjertsen",2017-10-13,20,2338.679,"Average Customer"
EM-13825,"Elizabeth Moffitt",2017-11-05,15,2324.358,"Average Customer"
XP-21865,"Xylona Preis",2017-11-17,26,2320.408,"Average Customer"
MK-17905,"Michael Kennedy",2017-12-02,17,2302.368,"Average Customer"
LH-16900,"Lena Hernandez",2017-12-09,15,2295.332,"Average Customer"
CM-12235,"Chris McAfee",2016-12-10,7,2287.172,"Average Customer"
JF-15190,"Jamie Frazer",2017-10-26,19,2279.586,"Average Customer"
FH-14350,"Fred Harton",2017-06-01,14,2271.284,"Average Customer"
CC-12670,"Craig Carreira",2017-12-01,14,2269.7015,"Average Customer"
BE-11410,"Bobby Elias",2017-09-23,5,2261.438,"Average Customer"
MC-17605,"Matt Connell",2017-09-09,18,2258.192,"Average Customer"
JH-16180,"Justin Hirsh",2016-11-21,5,2256.394,"Average Customer"
KD-16615,"Ken Dana",2017-03-16,13,2243.51,"Average Customer"
TS-21505,"Tony Sayre",2017-12-19,14,2243.274,"Average Customer"
MY-17380,"Maribeth Yedwab",2017-12-01,12,2242.612,"Average Customer"
LW-16825,"Laurel Workman",2017-10-03,15,2238.061,"Average Customer"
AR-10405,"Allen Rosenblatt",2017-08-27,7,2236.128,"Average Customer"
NC-18415,"Nathan Cano",2017-11-19,14,2218.99,"Average Customer"
MC-18100,"Mick Crebagga",2017-11-19,19,2218.98,"Average Customer"
GG-14650,"Greg Guthrie",2017-11-17,23,2216.008,"Average Customer"
PF-19225,"Phillip Flathmann",2017-09-07,10,2206.128,"Average Customer"
DB-13210,"Dean Braden",2017-12-21,19,2204.829,"Average Customer"
MH-17785,"Maya Herman",2017-09-23,11,2203.778,"Average Customer"
JL-15235,"Janet Lee",2017-09-02,10,2203.7,"Average Customer"
JR-16210,"Justin Ritter",2017-11-27,10,2201.686,"Average Customer"
TB-21280,"Toby Braunhardt",2016-05-26,11,2198.45,"Average Customer"
JG-15310,"Jason Gross",2017-12-28,10,2197.796,"Average Customer"
GW-14605,"Giulietta Weimer",2017-12-02,9,2189.019,"Average Customer"
NR-18550,"Nick Radford",2017-06-03,12,2184.337,"Average Customer"
BT-11395,"Bill Tyler",2017-03-03,9,2182.194,"Average Customer"
PS-18760,"Pamela Stobb",2017-09-14,21,2181.479,"Average Customer"
SH-20395,"Shahid Hopkins",2017-12-07,15,2180.718,"Average Customer"
KN-16450,"Kean Nguyen",2017-11-08,8,2171.962,"Average Customer"
DB-12910,"Daniel Byrd",2017-12-09,12,2171.599,"Average Customer"
RP-19855,"Roy Phan",2017-12-02,15,2170.716,"Average Customer"
DP-13105,"Dave Poirier",2017-12-24,13,2164.89,"Average Customer"
HA-14905,"Helen Abelman",2017-10-22,10,2163.3,"Average Customer"
EJ-13720,"Ed Jacobs",2017-03-03,8,2162.174,"Average Customer"
JD-15790,"John Dryer",2017-09-04,7,2152.352,"Average Customer"
CR-12580,"Clay Rozendal",2017-11-03,6,2148.852,"Average Customer"
KN-16705,"Kristina Nunn",2017-09-23,13,2148.03,"Average Customer"
DN-13690,"Duane Noonan",2017-05-27,11,2139.79,"Average Customer"
EN-13780,"Edward Nazzal",2017-03-18,8,2138.246,"Average Customer"
KM-16225,"Kalyca Meade",2017-12-16,17,2134.248,"Average Customer"
NM-18520,"Neoma Murray",2017-04-30,13,2123.347,"Average Customer"
KC-16255,"Karen Carlisle",2016-11-18,9,2103.834,"Average Customer"
SH-20635,"Stefanie Holloman",2015-11-26,2,2096.392,"Average Customer"
RH-19600,"Rob Haberlin",2016-07-14,11,2085.74,"Average Customer"
TG-21640,"Trudy Glocke",2017-09-07,10,2074.661,"Average Customer"
ML-17755,"Max Ludwig",2017-12-01,13,2071.914,"Average Customer"
RB-19705,"Roger Barcio",2017-11-06,7,2067.45,"Average Customer"
LC-17050,"Liz Carlisle",2017-09-09,8,2064.504,"Average Customer"
TS-21430,"Tom Stivers",2017-07-11,7,2054.14,"Average Customer"
AF-10870,"Art Ferguson",2017-11-19,16,2052.908,"Average Customer"
CD-11920,"Carlos Daly",2017-11-20,9,2033.968,"Average Customer"
NF-18595,"Nicole Fjeld",2017-09-07,12,2031.472,"Average Customer"
DJ-13420,"Denny Joy",2016-04-02,5,2012.52,"Average Customer"
VB-21745,"Victoria Brennan",2017-11-06,10,2005.596,"Average Customer"
HP-14815,"Harold Pawlan",2017-11-30,10,1990.314,"Average Customer"
DB-13615,"Doug Bickford",2017-11-27,11,1989.05,"Average Customer"
PG-18895,"Paul Gonzalez",2017-11-03,17,1987.164,"Average Customer"
NB-18655,"Nona Balk",2017-12-11,17,1972.599,"Average Customer"
SW-20275,"Scott Williamson",2017-11-30,7,1966.65,"Average Customer"
LD-17005,"Lisa DeCherney",2016-11-11,7,1961.934,"Average Customer"
TP-21565,"Tracy Poddar",2017-01-14,10,1936.64,"Average Customer"
JF-15355,"Jay Fein",2017-09-16,16,1911.844,"Average Customer"
JO-15280,"Jas O'Carroll",2017-09-29,10,1911.552,"Average Customer"
ME-17725,"Max Engle",2017-12-02,13,1908.4532,"Average Customer"
SV-20935,"Susan Vittorini",2017-12-28,13,1903.491,"Average Customer"
KD-16345,"Katherine Ducich",2017-11-19,10,1888.964,"Average Customer"
GD-14590,"Giulietta Dortch",2017-12-25,6,1888.07,"Average Customer"
SG-20470,"Sheri Gordon",2017-06-30,14,1884.798,"Average Customer"
SC-20440,"Shaun Chance",2017-11-24,10,1874.998,"Average Customer"
BG-11695,"Brooke Gillingham",2017-11-24,8,1874.172,"Average Customer"
NG-18355,"Nat Gilpin",2017-11-12,16,1869.58,"Average Customer"
CD-12790,"Cynthia Delaney",2016-11-26,15,1860.732,"Average Customer"
SN-20560,"Skye Norling",2017-09-10,15,1860.418,"Average Customer"
CB-12415,"Christy Brittain",2017-12-04,11,1856.26,"Average Customer"
JB-16045,"Julia Barnett",2017-12-23,7,1841.651,"Average Customer"
PR-18880,"Patrick Ryan",2017-11-24,12,1840.178,"Average Customer"
AJ-10945,"Ashley Jarboe",2017-10-06,10,1839.24,"Average Customer"
PC-18745,"Pamela Coakley",2017-12-28,5,1832.064,"Average Customer"
EG-13900,"Emily Grady",2017-12-08,9,1832.02,"Average Customer"
LR-17035,"Lisa Ryan",2017-08-20,10,1831.386,"Average Customer"
PJ-19015,"Pauline Johnson",2017-08-18,10,1824.234,"Average Customer"
NC-18625,"Noah Childs",2017-06-09,9,1821.742,"Average Customer"
JM-15265,"Janet Molinari",2017-11-23,13,1804.146,"Average Customer"
JB-15400,"Jennifer Braxton",2017-12-23,16,1791.605,"Average Customer"
AA-10480,"Andrew Allen",2017-04-15,11,1782.872,"Average Customer"
CC-12100,"Chad Cunningham",2016-09-29,12,1765.23,"Average Customer"
DS-13030,"Darrin Sayre",2017-09-28,19,1762.213,"Average Customer"
AH-10030,"Aaron Hawkins",2017-12-18,11,1744.7,"Average Customer"
VT-21700,"Valerie Takahito",2015-04-05,9,1736.596,"Average Customer"
AH-10120,"Adrian Hane",2017-10-31,16,1735.514,"Average Customer"
MV-18190,"Mike Vittorini",2017-12-11,11,1734.574,"Average Customer"
JM-15535,"Jessica Myrick",2017-09-19,10,1733.443,"Average Customer"
BE-11455,"Brad Eason",2017-04-20,13,1727.652,"Average Customer"
BW-11200,"Ben Wallace",2017-06-10,9,1726.23,"Average Customer"
JP-16135,"Julie Prescott",2017-09-19,13,1707.71,"Average Customer"
TZ-21580,"Tracy Zic",2017-11-25,9,1707.286,"Average Customer"
DB-13405,"Denny Blanton",2017-06-26,13,1702.548,"Average Customer"
BP-11155,"Becky Pak",2017-10-02,10,1692.146,"Average Customer"
DK-12985,"Darren Koutras",2017-12-23,8,1687.04,"Average Customer"
RA-19945,"Ryan Akin",2017-10-30,9,1686.9225,"Average Customer"
CA-12055,"Cathy Armstrong",2016-11-24,10,1679.724,"Average Customer"
CM-11815,"Candace McMahon",2017-08-21,10,1673.888,"Average Customer"
LH-17155,"Logan Haushalter",2016-12-10,18,1660.305,"Average Customer"
CC-12475,"Cindy Chapman",2017-11-21,13,1659.438,"Average Customer"
JP-15460,"Jennifer Patt",2017-11-23,14,1653.583,"Average Customer"
CM-12115,"Chad McGuire",2017-12-22,6,1643.97,"Average Customer"
EB-13975,"Erica Bern",2017-12-30,6,1643.255,"Average Customer"
AP-10720,"Anne Pryor",2017-11-19,19,1638.554,"Average Customer"
KE-16420,"Katrina Edelman",2017-12-04,14,1626.6832,"Average Customer"
AZ-10750,"Annie Zypern",2017-07-23,12,1622.018,"Average Customer"
MS-17710,"Maurice Satty",2016-11-12,15,1613.402,"Average Customer"
CR-12730,"Craig Reiter",2017-10-13,6,1600.55,"Average Customer"
SP-20650,"Stephanie Phelps",2016-11-12,14,1598.516,"Average Customer"
DE-13255,"Deanra Eno",2016-01-11,7,1588.464,"Average Customer"
AH-10195,"Alan Haines",2017-11-05,8,1587.452,"Average Customer"
BF-11215,"Benjamin Farhat",2017-10-26,8,1585.162,"Average Customer"
CK-12760,"Cyma Kinney",2017-10-09,14,1582.109,"Average Customer"
MC-18130,"Mike Caudle",2016-12-26,11,1581.998,"Average Customer"
MF-18250,"Monica Federle",2017-12-23,11,1575.36,"Average Customer"
JL-15175,"James Lanier",2017-12-24,7,1571.523,"Average Customer"
TB-21250,"Tim Brockman",2017-01-15,18,1569.592,"Average Customer"
KB-16315,"Karl Braun",2017-03-09,22,1569.464,"Average Customer"
TS-21160,"Theresa Swint",2016-08-13,16,1568.244,"Average Customer"
ON-18715,"Odella Nelson",2016-11-15,15,1567.52,"Average Customer"
MV-17485,"Mark Van Huff",2017-12-03,14,1542.41,"Average Customer"
BD-11620,"Brian DeCherney",2017-10-22,8,1538.11,"Average Customer"
CH-12070,"Cathy Hwang",2016-02-08,4,1537.236,"Average Customer"
BD-11725,"Bruce Degenhardt",2017-09-28,10,1526.5,"Average Customer"
BV-11245,"Benjamin Venier",2017-01-30,14,1523.273,"Average Customer"
KA-16525,"Kelly Andreada",2017-11-24,11,1519.506,"Average Customer"
AB-10600,"Ann Blume",2017-11-10,8,1515.862,"Average Customer"
JG-15805,"John Grady",2017-05-21,9,1507.018,"Average Customer"
ZD-21925,"Zuschuss Donatelli",2017-06-11,9,1493.944,"Average Customer"
DL-12865,"Dan Lawera",2017-01-19,13,1490.818,"Average Customer"
CM-12190,"Charlotte Melton",2017-12-22,7,1475.144,"Average Customer"
LE-16810,"Laurel Elliston",2017-12-09,9,1469.45,"Average Customer"
TB-21055,"Ted Butterfield",2017-09-02,18,1467.881,"Average Customer"
PN-18775,"Parhena Norris",2017-11-30,13,1467.152,"Average Customer"
BN-11515,"Bradley Nguyen",2017-12-21,17,1459.344,"Average Customer"
PB-19150,"Philip Brown",2017-09-24,11,1456.95,"Average Customer"
RM-19375,"Raymond Messe",2017-01-19,9,1453.474,"Average Customer"
AG-10525,"Andy Gerbode",2015-09-07,8,1448.942,"Average Customer"
RK-19300,"Ralph Kennedy",2015-10-12,7,1448,"Average Customer"
DL-13315,"Delfina Latchford",2017-12-08,16,1446.066,"Average Customer"
PK-18910,"Paul Knutson",2016-09-03,3,1441.152,"Average Customer"
TD-20995,"Tamara Dahlen",2017-11-23,16,1434.548,"Average Customer"
JW-16075,"Julia West",2016-09-25,7,1428.731,"Average Customer"
MB-18085,"Mick Brown",2017-11-16,10,1428.231,"Average Customer"
MB-17305,"Maria Bertelson",2017-11-12,18,1427.326,"Average Customer"
TT-21220,"Thomas Thornton",2017-06-30,15,1427.044,"Average Customer"
RD-19720,"Roger Demir",2017-12-09,20,1419.737,"Average Customer"
NL-18310,"Nancy Lomonaco",2017-11-02,10,1418.09,"Average Customer"
PM-18940,"Paul MacIntyre",2016-12-09,4,1405.402,"Average Customer"
CA-12310,"Christine Abelman",2017-12-17,10,1401.074,"Average Customer"
MO-17800,"Meg O'Connel",2017-09-17,9,1396.323,"Average Customer"
NG-18430,"Nathan Gelder",2017-11-12,9,1395.938,"Average Customer"
JE-15475,"Jeremy Ellison",2017-06-20,13,1388.682,"Average Customer"
TB-21595,"Troy Blackwell",2017-03-20,7,1387.559,"Average Customer"
FG-14260,"Frank Gastineau",2017-11-26,11,1383.144,"Average Customer"
CR-12820,"Cyra Reiten",2017-10-06,6,1380.8324,"Average Customer"
DM-13525,"Don Miller",2016-09-05,10,1376.792,"Average Customer"
GH-14485,"Gene Hale",2016-12-08,3,1361.244,"Average Customer"
GB-14530,"George Bell",2017-10-29,19,1356.48,"Average Customer"
LM-17065,"Liz MacKendrick",2016-12-04,7,1346.774,"Average Customer"
MG-17695,"Maureen Gnade",2016-06-23,7,1342.282,"Average Customer"
SJ-20215,"Sarah Jordon",2017-12-01,9,1339.072,"Average Customer"
BM-11785,"Bryan Mills",2017-05-26,13,1335.896,"Average Customer"
BF-11005,"Barry Franz",2017-11-21,10,1333.88,"Average Customer"
SB-20170,"Sarah Bern",2017-06-12,6,1323.432,"Average Customer"
DM-12955,"Dario Medina",2017-09-07,9,1322.034,"Average Customer"
MT-18070,"Michelle Tran",2017-06-10,11,1319.4498,"Average Customer"
MM-17260,"Magdelene Morse",2017-07-15,6,1314.023,"Average Customer"
SP-20545,"Sibella Parks",2017-02-06,10,1306.086,"Average Customer"
EK-13795,"Eileen Kiefer",2017-11-16,4,1303.478,"Average Customer"
Co-12640,Corey-Lock,2016-06-29,8,1300.076,"Average Customer"
HR-14770,"Hallie Redmond",2017-12-17,13,1299.288,"Average Customer"
SS-20140,"Saphhira Shifley",2017-12-15,20,1289.548,"Average Customer"
GR-14560,"Georgia Rosenberg",2014-11-21,5,1284.38,"Average Customer"
PS-18970,"Paul Stevenson",2017-10-22,13,1278.639,"Average Customer"
SV-20815,"Stuart Van",2017-10-15,6,1271.09,"Average Customer"
CS-11845,"Cari Sayre",2017-09-30,7,1267.194,"Average Customer"
LW-17125,"Liz Willingham",2017-06-08,5,1259.04,"Average Customer"
ME-18010,"Michelle Ellison",2017-09-29,6,1256.944,"Average Customer"
GM-14500,"Gene McClure",2017-09-15,13,1255.682,"Average Customer"
SC-20680,"Steve Carroll",2017-08-26,8,1254.64,"Average Customer"
MH-17620,"Matt Hagelstein",2017-07-28,6,1252.8,"Average Customer"
ER-13855,"Elpida Rittenbach",2016-11-04,5,1245.788,"Average Customer"
JW-15955,"Joni Wasserman",2017-12-25,11,1244.086,"Average Customer"
MG-17875,"Michael Grace",2017-09-05,7,1242.833,"Average Customer"
NP-18685,"Nora Pelletier",2016-11-19,7,1228.698,"Average Customer"
PJ-18835,"Patrick Jones",2017-11-21,13,1220.09,"Average Customer"
EH-14005,"Erica Hernandez",2017-12-28,11,1219.53,"Average Customer"
JL-15130,"Jack Lebron",2017-12-22,12,1214.956,"Average Customer"
MD-17860,"Michael Dominguez",2017-11-24,8,1204.91,"Average Customer"
DW-13585,"Dorothy Wardle",2017-05-02,10,1204.854,"Average Customer"
DO-13435,"Denny Ordway",2017-06-26,12,1197.3115,"Average Customer"
SJ-20500,"Shirley Jackson",2017-04-21,6,1190.376,"Average Customer"
EB-14170,"Evan Bailliet",2017-10-09,7,1186.326,"Average Customer"
JS-15595,"Jill Stevenson",2017-09-02,7,1181.734,"Average Customer"
BP-11230,"Benjamin Patterson",2017-11-21,6,1181.49,"Average Customer"
DC-13285,"Debra Catini",2017-12-07,7,1174.618,"Average Customer"
AT-10435,"Alyssa Tate",2017-12-09,9,1171.814,"Average Customer"
JR-15670,"Jim Radford",2016-05-16,3,1156.658,"Average Customer"
DB-13660,"Duane Benoit",2017-12-18,10,1155.202,"Average Customer"
CG-12520,"Claire Gute",2017-01-26,5,1148.78,"Average Customer"
KC-16675,"Kimberly Carter",2017-11-03,7,1146.05,"Average Customer"
RD-19810,"Ross DeVincentis",2017-12-16,16,1137.616,"Average Customer"
CW-11905,"Carl Weiss",2017-12-08,11,1136.592,"Average Customer"
JS-15685,"Jim Sink",2017-11-18,11,1131.064,"Average Customer"
DV-13045,"Darrin Van Huff",2017-12-11,9,1119.483,"Average Customer"
AB-10165,"Alan Barnes",2017-12-05,14,1113.838,"Average Customer"
CD-12280,"Christina DeMoss",2017-11-18,12,1104.184,"Average Customer"
TC-21475,"Tony Chapman",2017-07-30,10,1103.016,"Average Customer"
CL-11890,"Carl Ludwig",2017-09-15,5,1098.43,"Average Customer"
TM-21490,"Tony Molinari",2017-08-22,4,1094.678,"Average Customer"
JO-15550,"Jesus Ocampo",2017-05-29,10,1088.358,"Average Customer"
JF-15490,"Jeremy Farry",2017-08-31,15,1082.918,"Average Customer"
DB-13360,"Dennis Bolton",2017-04-10,6,1081.466,"Average Customer"
DW-13195,"David Wiener",2017-10-22,9,1080.751,"Average Customer"
CS-12490,"Cindy Schnelling",2016-11-01,8,1070.3885,"Average Customer"
PC-19000,"Pauline Chand",2015-08-01,3,1061.488,"Average Customer"
DP-13165,"David Philippe",2015-10-10,4,1058.616,"Average Customer"
PO-19195,"Phillina Ober",2017-10-05,10,1056.858,"Average Customer"
AA-10375,"Allen Armold",2017-12-11,15,1056.39,"Average Customer"
VS-21820,"Vivek Sundaresam",2017-05-23,8,1055.981,"Average Customer"
AR-10345,"Alex Russell",2017-09-10,5,1055.694,"Average Customer"
DH-13675,"Duane Huffman",2015-11-15,11,1043.096,"Average Customer"
SM-20905,"Susan MacKendrick",2016-05-03,6,1043.041,"Average Customer"
EM-14095,"Eudokia Martin",2017-09-08,10,1041.042,"Average Customer"
TC-21145,"Theresa Coyne",2017-09-15,4,1038.26,"Average Customer"
DP-13000,"Darren Powers",2017-08-26,16,1034.188,"Average Customer"
MK-18160,"Mike Kennedy",2017-05-04,11,1031.602,"Average Customer"
TH-21235,"Tiffany House",2017-09-04,13,1022.201,"Average Customer"
SW-20350,"Sean Wendt",2017-07-21,6,1019.044,"Average Customer"
RB-19330,"Randy Bradley",2017-10-23,6,1008.196,"Average Customer"
LS-17245,"Lynn Smith",2017-11-26,12,1008.136,"Average Customer"
BG-11740,"Bruce Geld",2017-11-03,7,1006.356,"Average Customer"
LS-17200,"Luke Schmidt",2017-09-25,13,998.032,"Low Value Customer"
VP-21730,"Victor Preis",2017-11-30,5,993.902,"Low Value Customer"
GA-14725,"Guy Armstrong",2017-12-25,19,975.566,"Low Value Customer"
KB-16600,"Ken Brennan",2017-12-29,8,974.214,"Low Value Customer"
DO-13645,"Doug O'Connell",2017-12-04,10,972.26,"Low Value Customer"
TS-21340,"Toby Swindell",2017-05-18,11,971.734,"Low Value Customer"
RD-19930,"Russell D'Ascenzo",2017-11-18,10,970.942,"Low Value Customer"
AB-10150,"Aimee Bixby",2017-11-19,12,966.71,"Low Value Customer"
RC-19825,"Roy Collins",2016-12-26,10,966.409,"Low Value Customer"
BP-11050,"Barry Pond",2017-10-08,6,961.18,"Low Value Customer"
JH-15910,"Jonathan Howell",2017-11-19,9,959.477,"Low Value Customer"
JF-15295,"Jason Fortune-",2017-05-19,14,955.124,"Low Value Customer"
RP-19270,"Rachel Payne",2016-08-21,12,954.6452,"Low Value Customer"
BS-11800,"Bryan Spruell",2017-04-09,8,949.43,"Low Value Customer"
EB-13930,"Eric Barreto",2017-07-22,7,944.6,"Low Value Customer"
MF-17665,"Maureen Fritzler",2016-11-04,8,937.039,"Low Value Customer"
EM-13960,"Eric Murdock",2017-08-01,6,933.704,"Low Value Customer"
MC-17575,"Matt Collins",2017-12-03,9,925.565,"Low Value Customer"
SW-20245,"Scot Wooten",2017-10-10,9,925.198,"Low Value Customer"
MO-17500,"Mary O'Rourke",2017-10-19,5,922.487,"Low Value Customer"
RF-19840,"Roy Französisch",2017-12-24,10,915.662,"Low Value Customer"
EH-14185,"Evan Henry",2017-09-16,7,910.186,"Low Value Customer"
KB-16405,"Katrina Bavinger",2017-09-04,9,908.821,"Low Value Customer"
SC-20575,"Sonia Cooley",2017-09-29,7,902.728,"Low Value Customer"
JB-15925,"Joni Blumstein",2015-12-24,8,900.552,"Low Value Customer"
AB-10255,"Alejandro Ballentine",2017-07-17,13,898.084,"Low Value Customer"
AC-10420,"Alyssa Crouse",2017-05-12,4,891.56,"Low Value Customer"
HZ-14950,"Henia Zydlo",2017-11-25,6,886.52,"Low Value Customer"
AB-10015,"Aaron Bergman",2016-11-10,6,886.156,"Low Value Customer"
CS-12130,"Chad Sievert",2016-08-28,7,884.64,"Low Value Customer"
HE-14800,"Harold Engle",2017-12-18,11,883.532,"Low Value Customer"
SK-19990,"Sally Knutson",2017-12-22,5,883.409,"Low Value Customer"
SS-20875,"Sung Shariari",2017-09-01,12,883.22,"Low Value Customer"
JM-15655,"Jim Mitchum",2017-12-22,12,864.947,"Low Value Customer"
JR-15700,"Jocasta Rupert",2017-10-23,1,863.88,"Low Value Customer"
AF-10885,"Art Foster",2016-11-10,7,861.565,"Low Value Customer"
JC-15385,"Jenna Caffey",2017-07-08,3,859.648,"Low Value Customer"
JC-16105,"Julie Creighton",2017-11-03,9,858.576,"Low Value Customer"
MS-17980,"Michael Stewart",2017-12-04,11,855.116,"Low Value Customer"
RC-19960,"Ryan Crowe",2017-09-11,10,850.192,"Low Value Customer"
CG-12040,"Catherine Glotzbach",2017-11-11,7,847.652,"Low Value Customer"
CS-12175,"Charles Sheldon",2017-05-12,8,844.458,"Low Value Customer"
AS-10630,"Ann Steele",2017-09-29,12,833.398,"Low Value Customer"
TB-21355,"Todd Boyes",2017-08-06,12,822.136,"Low Value Customer"
VF-21715,"Vicky Freymann",2017-07-08,10,819.784,"Low Value Customer"
TB-21190,"Thomas Brumley",2017-11-11,4,816.174,"Low Value Customer"
RE-19450,"Richard Eichhorn",2017-03-03,8,815.152,"Low Value Customer"
AM-10360,"Alice McCarthy",2017-12-02,12,814.012,"Low Value Customer"
BM-11575,"Brendan Murry",2017-09-21,10,808.162,"Low Value Customer"
DK-13150,"David Kendrick",2017-12-20,5,797.832,"Low Value Customer"
MC-17635,"Matthew Clasen",2017-06-24,8,795.154,"Low Value Customer"
BF-11275,"Beth Fritzler",2017-11-03,4,791.99,"Low Value Customer"
HG-14845,"Harry Greene",2017-11-06,10,785.628,"Low Value Customer"
EH-13990,"Erica Hackney",2016-11-20,7,780.27,"Low Value Customer"
MG-17890,"Michael Granlund",2017-09-22,13,776.384,"Low Value Customer"
MM-18280,"Muhammed MacIntyre",2017-10-06,12,775.414,"Low Value Customer"
SF-20065,"Sandra Flanagan",2017-11-01,9,763.546,"Low Value Customer"
SW-20755,"Steven Ward",2016-07-14,8,758.696,"Low Value Customer"
LP-17080,"Liz Pelletier",2017-11-20,9,756.606,"Low Value Customer"
Dl-13600,"Dorris liebe",2017-09-02,6,755.602,"Low Value Customer"
IG-15085,"Ivan Gibson",2017-10-20,7,744.574,"Low Value Customer"
RH-19555,"Ritsa Hightower",2016-07-29,3,740.382,"Low Value Customer"
AH-10585,"Angele Hood",2017-12-09,5,738.504,"Low Value Customer"
HM-14980,"Henry MacAllister",2017-04-27,7,736.276,"Low Value Customer"
BB-10990,"Barry Blumstein",2017-09-16,7,735.52,"Low Value Customer"
PH-18790,"Patricia Hirasaki",2017-10-21,2,729.648,"Low Value Customer"
PA-19060,"Pete Armstrong",2017-09-18,7,729.408,"Low Value Customer"
JJ-15445,"Jennifer Jackson",2016-09-03,6,709.178,"Low Value Customer"
JD-16060,"Julia Dunbar",2017-03-05,6,695.442,"Low Value Customer"
VG-21790,"Vivek Gonzalez",2017-07-29,7,694.29,"Low Value Customer"
TC-21535,"Tracy Collins",2017-12-26,9,692.518,"Low Value Customer"
PB-19105,"Peter Bühler",2017-11-03,5,688.324,"Low Value Customer"
EH-13945,"Eric Hoffmann",2017-05-27,17,684.171,"Low Value Customer"
ML-18040,"Michelle Lonsdale",2017-10-12,3,681.242,"Low Value Customer"
PB-18805,"Patrick Bzostek",2017-12-05,9,668.756,"Low Value Customer"
AG-10330,"Alex Grayson",2017-12-22,9,660.972,"Low Value Customer"
BK-11260,"Berenike Kampe",2017-10-14,16,659.138,"Low Value Customer"
BD-11770,"Bryan Davis",2017-02-06,10,658.466,"Low Value Customer"
AC-10660,"Anna Chung",2017-03-23,6,657.316,"Low Value Customer"
AW-10840,"Anthony Witt",2017-12-10,8,649.376,"Low Value Customer"
TR-21325,"Toby Ritter",2017-06-20,6,645.072,"Low Value Customer"
LO-17170,"Lori Olson",2017-12-28,9,644.35,"Low Value Customer"
JB-16000,"Joy Bell-",2017-11-17,7,644.1188,"Low Value Customer"
MR-17545,"Mathew Reese",2017-08-27,6,639.178,"Low Value Customer"
AJ-10960,"Astrea Jones",2017-10-17,5,629.248,"Low Value Customer"
RR-19315,"Ralph Ritter",2017-12-11,4,615.932,"Low Value Customer"
CD-11980,"Carol Darley",2017-11-06,5,614.982,"Low Value Customer"
SS-20515,"Shirley Schmidt",2016-08-26,6,613.4,"Low Value Customer"
BT-11440,"Bobby Trafton",2016-06-18,7,603.876,"Low Value Customer"
BF-10975,"Barbara Fisher",2017-09-30,11,585.808,"Low Value Customer"
DL-13330,"Denise Leinenbach",2017-11-03,8,585.02,"Low Value Customer"
BD-11635,"Brian Derr",2017-12-21,5,582.646,"Low Value Customer"
AS-10240,"Alan Shonely",2017-06-21,12,574.24,"Low Value Customer"
NK-18490,"Neil Knudson",2017-10-21,11,572.048,"Low Value Customer"
CM-11935,"Carlos Meador",2016-01-22,4,565.392,"Low Value Customer"
CS-12460,"Chuck Sachs",2017-12-03,6,550.644,"Low Value Customer"
CS-11860,"Cari Schnelling",2017-07-21,7,537.632,"Low Value Customer"
JH-15820,"John Huston",2017-07-09,8,528.91,"Low Value Customer"
AY-10555,"Andy Yotov",2017-12-16,10,497.014,"Low Value Customer"
RB-19570,"Rob Beeghly",2017-12-05,7,476.802,"Low Value Customer"
CR-12625,"Corey Roper",2016-09-16,4,475.9,"Low Value Customer"
MS-17530,"MaryBeth Skach",2016-10-22,7,475.656,"Low Value Customer"
JS-15940,"Joni Sundaresam",2016-09-23,8,469.169,"Low Value Customer"
EC-14050,"Erin Creighton",2017-11-07,7,461.914,"Low Value Customer"
KM-16660,"Khloe Miller",2017-12-15,9,453.538,"Low Value Customer"
TT-21265,"Tim Taslimi",2016-11-19,3,439.5,"Low Value Customer"
ST-20530,"Shui Tom",2017-08-27,12,433.34,"Low Value Customer"
VG-21805,"Vivek Grady",2017-03-19,6,427.372,"Low Value Customer"
MZ-17335,"Maria Zettner",2017-11-30,5,424.038,"Low Value Customer"
SS-20590,"Sonia Sunley",2016-10-24,9,418.49,"Low Value Customer"
BT-11485,"Brad Thomas",2016-03-11,3,415.196,"Low Value Customer"
JD-16015,"Joy Daniels",2017-09-09,11,385.43,"Low Value Customer"
JK-15325,"Jason Klamczynski",2017-03-18,4,383.812,"Low Value Customer"
VM-21835,"Vivian Mathis",2017-09-04,8,380.69,"Low Value Customer"
NF-18475,"Neil Französisch",2016-07-23,4,377.162,"Low Value Customer"
MS-17830,"Melanie Seite",2016-10-04,5,370.348,"Low Value Customer"
LS-17230,"Lycoris Saunders",2015-11-14,6,368.88,"Low Value Customer"
EM-14200,"Evan Minnotte",2017-07-25,4,366.822,"Low Value Customer"
MH-17440,"Mark Haberlin",2016-12-19,7,358.146,"Low Value Customer"
HJ-14875,"Heather Jas",2017-08-26,6,358.1,"Low Value Customer"
AG-10300,"Aleksandra Gannaway",2017-09-03,4,349.26,"Low Value Customer"
DW-13540,"Don Weiss",2017-09-23,9,344.08,"Low Value Customer"
BD-11560,"Brendan Dodson",2017-03-27,4,320.54,"Low Value Customer"
LH-17020,"Lisa Hazard",2017-05-05,6,318.239,"Low Value Customer"
JM-15580,"Jill Matthias",2017-12-30,7,303.948,"Low Value Customer"
CM-12445,"Chuck Magee",2016-10-20,9,287.99,"Low Value Customer"
LH-16750,"Larry Hughes",2017-08-01,3,287.426,"Low Value Customer"
SC-20845,"Sung Chung",2017-08-21,4,280.632,"Low Value Customer"
SC-20800,"Stuart Calhoun",2017-11-30,5,279.256,"Low Value Customer"
JH-15430,"Jennifer Halladay",2017-12-25,6,276.385,"Low Value Customer"
NB-18580,"Nicole Brennan",2014-10-22,2,273.872,"Low Value Customer"
BF-11080,"Bart Folk",2017-12-05,6,272.95,"Low Value Customer"
DD-13570,"Dorothy Dickinson",2017-11-19,9,269.542,"Low Value Customer"
BN-11470,"Brad Norvell",2017-12-06,6,265.296,"Low Value Customer"
AR-10510,"Andrew Roberts",2017-12-16,7,264.864,"Low Value Customer"
LT-16765,"Larry Tron",2015-05-12,2,255.524,"Low Value Customer"
HD-14785,"Harold Dahlen",2015-11-22,7,251.36,"Low Value Customer"
PL-18925,"Paul Lucas",2017-12-15,8,239.481,"Low Value Customer"
KW-16570,"Kelly Williams",2015-11-20,4,236.156,"Low Value Customer"
SM-20005,"Sally Matthias",2016-11-04,5,233.134,"Low Value Customer"
EM-14065,"Erin Mull",2017-11-13,6,228.99,"Low Value Customer"
GT-14755,"Guy Thornton",2017-11-26,7,226.436,"Low Value Customer"
GP-14740,"Guy Phonely",2015-11-26,4,221.8,"Low Value Customer"
RB-19645,"Robert Barroso",2016-03-22,7,221.084,"Low Value Customer"
AG-10390,"Allen Goldenen",2017-09-07,8,200.945,"Low Value Customer"
JJ-15760,"Joel Jenkins",2015-12-08,3,195,"Low Value Customer"
HH-15010,"Hilary Holden",2017-10-19,5,188.108,"Low Value Customer"
ML-18265,"Muhammed Lee",2017-09-21,3,162.232,"Low Value Customer"
AO-10810,"Anthony O'Donnell",2016-08-16,1,161.28,"Low Value Customer"
MO-17950,"Michael Oakman",2017-07-03,4,154.288,"Low Value Customer"
PT-19090,"Pete Takahito",2017-10-20,6,153.9,"Low Value Customer"
GH-14665,"Greg Hansen",2017-12-28,3,146.9408,"Low Value Customer"
AG-10765,"Anthony Garverick",2017-10-14,3,137.296,"Low Value Customer"
PB-19210,"Phillip Breyer",2016-02-11,2,132.738,"Low Value Customer"
BO-11425,"Bobby Odegard",2017-10-16,2,130.83,"Low Value Customer"
EL-13735,"Ed Ludwig",2017-10-14,2,124.28,"Low Value Customer"
DA-13450,"Dianna Arnett",2017-01-12,7,123.864,"Low Value Customer"
CC-12550,"Clay Cheatham",2017-12-03,4,113.832,"Low Value Customer"
RM-19750,"Roland Murray",2017-03-06,2,98.35,"Low Value Customer"
KS-16300,"Karen Seio",2017-03-10,4,88.472,"Low Value Customer"
AR-10570,"Anemone Ratner",2016-07-14,2,88.15,"Low Value Customer"
FW-14395,"Fred Wasserman",2017-01-02,3,79.75,"Low Value Customer"
JC-15340,"Jasper Cacioppo",2017-09-07,3,67.335,"Low Value Customer"
BW-11065,"Barry Weirich",2015-08-11,2,60.772,"Low Value Customer"
AS-10135,"Adrian Shami",2017-11-19,3,58.82,"Low Value Customer"
LB-16735,"Larry Blacks",2017-11-12,3,50.188,"Low Value Customer"
RE-19405,"Ricardo Emerson",2014-12-29,1,48.36,"Low Value Customer"
SG-20890,"Susan Gilcrest",2017-05-18,4,41.072,"Low Value Customer"
RS-19870,"Roy Skaria",2017-12-11,3,22.328,"Low Value Customer"
CJ-11875,"Carl Jackson",2016-12-30,1,16.52,"Low Value Customer"
MG-18205,"Mitch Gastineau",2017-04-10,1,12.32,"Low Value Customer"
LD-16855,"Lela Donovan",2016-06-26,1,5.304,"Low Value Customer"
TS-21085,"Thais Sissman",2017-01-07,2,4.833,"Low Value Customer"
